epoch,time,train/box_loss,train/cls_loss,train/dfl_loss,metrics/precision(B),metrics/recall(B),metrics/mAP50(B),metrics/mAP50-95(B),val/box_loss,val/cls_loss,val/dfl_loss,lr/pg0,lr/pg1,lr/pg2
1,2139.82,1.64256,1.69321,1.27308,0.72684,0.5449,0.59233,0.31378,1.60863,1.46047,1.28314,0.000666249,0.000666249,0.000666249
2,5319.78,1.5632,1.28755,1.25609,0.76735,0.65518,0.7003,0.41223,1.41727,1.10374,1.22612,0.001069,0.001069,0.001069
3,10324.6,1.47192,1.13346,1.2052,0.81994,0.68958,0.74806,0.47282,1.31115,0.92782,1.15056,0.00120775,0.00120775,0.00120775
4,27561.2,1.36834,0.99789,1.15605,0.85088,0.72468,0.79107,0.52371,1.21823,0.82425,1.10841,0.000812,0.000812,0.000812
5,41283.2,1.26144,0.87296,1.1052,0.88204,0.75429,0.8144,0.56714,1.09706,0.70245,1.04986,0.000416,0.000416,0.000416
